Text,Label
y r u always l8 to the meetings?,student
The project team embraced a user-centric design approach for product development.,ai
"i dont like dealing with risks, it's too stressful",student
"i dont worry about reliability, it's good enough",student
"i dont care about human-centered design, just give me the final product",student
The study's methodology ensured a representative sample across demographics.,ai
"i dont care about industry practices, just give me the solution",student
The project team documented all processes for transparency.,ai
The project team maintained open lines of communication.,ai
The findings are consistent with existing theoretical frameworks.,ai
"i dont like inclusive decision-making, it's too slow",student
The results are presented in a logically organized manner.,ai
The research findings have practical implications for industry professionals.,ai
"i dont talk about limitations, it makes me look bad",student
The research methodology incorporated a multi-method approach for comprehensive data.,ai
"i dont care about participant responses, just give me the data",student
"The study's limitations are openly acknowledged, recognizing study boundaries.",ai
"The study's limitations are openly discussed, recognizing potential shortcomings.",ai
"i dont like solving problems, it's too much effort",student
"i dont care about skill development, it's irrelevant",student
The research findings contribute to the theoretical foundation of the field.,ai
The project team maintained a collaborative and inclusive decision-making process.,ai
"i dont worry about bias, it's unavoidable",student
"i prefer working alone, teamwork is too complicated",student
The study of behavioral economics examines the psychological factors influencing economic decisions.,ai
lol ur jokes r so lame,student
The project team prioritized transparent communication with stakeholders.,ai
"In environmental science, the impact of deforestation on biodiversity is a critical concern.",ai
The research design accounts for potential confounding variables.,ai
"In the field of robotics, biomimicry leads to the development of more efficient robots.",ai
"i dont like solving problems, it's too much effort",student
"i dont talk about limitations, it makes me look bad",student
The project team adhered to the project timeline.,ai
"i dont worry about accuracy, it's good enough",student
It's important to cite sources properly in academic writing.,ai
The project team utilized feedback to enhance the project deliverables.,ai
"i dont care about psychological factors, just give me the data",student
"The study's limitations are openly discussed, addressing potential biases.",ai
"i dont understand machine learning, just give me the conclusion",student
The project team displayed creativity in problem-solving.,ai
The project team maintained a high level of accuracy in data entry.,ai
"i dont like continuous feedback, it's too repetitive",student
"The study's limitations are transparently presented, acknowledging potential challenges.",ai
"i dont like open communication, it's too time-consuming",student
"i dont care about internal validity, it's too technical",student
"i prefer to follow, leadership is too much responsibility",student
"In automotive design, aerodynamics play a crucial role in improving fuel efficiency.",ai
ur not gonna believe what happened in class today,student
y r u always l8 to the meetings?,student
The results are presented in a visually appealing and clear manner.,ai
The research methodology ensures data validity through robust statistical checks.,ai
The analysis revealed statistically significant correlations.,ai
The project team exhibited a high level of professionalism.,ai
"i dont pay attention to details, they slow me down",student
"i dont like collaborative knowledge-sharing, it's too time-consuming",student
"i dont care about biofuels, just give me the data",student
"i dont care about response rates, its not important",student
The automotive industry is exploring self-driving technology for safer transportation.,ai
The analysis considered potential correlations between variables for deeper understanding.,ai
The research design accounts for potential bias in data collection.,ai
"i dont need real-world problems, just give me the solution",student
The analysis employed rigorous statistical controls for data accuracy.,ai
"i collect data randomly, it's faster",student
The study's methodology minimizes the potential for sampling bias.,ai
"i dont like talking to people, communication is overrated",student
"i dont worry about reliability, it's good enough",student
The research methodology ensures the reliability of the study.,ai
"i dont care about CRISPR technology, just give me the data",student
This is a well-structured sentence.,ai
The project team utilized data encryption techniques to ensure participant privacy.,ai
u know wat im talkin abt right?,student
"i dont worry about accuracy, it's good enough",student
"i dont talk about limitations, it makes me look bad",student
"i dont like data visualization, it's unnecessary",student
"i dont have time to consider alternatives, just tell me what to do",student
The project team maintained an agile mindset for adaptability to changing requirements.,ai
The analysis employed machine learning algorithms for predictive modeling accuracy.,ai
The project team utilized industry best practices for quality assurance.,ai
The data analysis revealed statistically significant correlations.,ai
"I'm gonna skip class today, who cares?",student
"I dont like deadlines, they stress me out",student
"i dont like cloud-based tools, they're too complex",student
"i dont like agile approaches, they're too unpredictable",student
The study of psychology sheds light on the complexities of human behavior and cognition.,ai
"i dont like dealing with risks, it's too stressful",student
The survey instrument underwent rigorous validation procedures.,ai
Machine learning algorithms have various applications.,ai
The research methodology ensured participant anonymity and confidentiality.,ai
"i dont validate surveys, it takes too much time",student
"i dont need to read the conclusion, just tell me the answer",student
The data analysis revealed statistically significant correlations.,ai
The project team maintained a positive team dynamic throughout.,ai
The project team maintained open communication throughout.,ai
The project team demonstrated adaptability in changing circumstances.,ai
The project team maintained open communication throughout.,ai
The survey questions were carefully crafted for reliability.,ai
The findings contribute to evidence-based practices in the relevant field.,ai
The project team exhibited adaptability in changing circumstances.,ai
The findings contribute to evidence-based decision-making in practical settings.,ai
The research question is designed to address gaps in existing theoretical frameworks.,ai
The research design accounted for variations in participant demographics.,ai
"i dont validate data, it's a waste of time",student
"i dont understand advanced statistics, just give me the conclusion",student
The project team maintained consistent and transparent communication with clients.,ai
The project team maintained regular retrospectives for process improvement.,ai
The theoretical framework provides a conceptual basis for the study.,ai
The project team efficiently managed project resources.,ai
"i prefer to follow, leadership is too much responsibility",student
The project team displayed creativity in problem-solving.,ai
The research findings are applicable to real-world scenarios.,ai
"i dont care about quantum entanglement, just get the job done",student
"i dont care about bias, just give me the conclusion",student
The literature review provides a comprehensive overview.,ai
"The survey response rate was high, ensuring data validity.",ai
"i dont care about employee well-being, just get the work done",student
The professor's lectures are informative and engaging.,ai
"i dont care about 3D printing, just give me the results",student
The analysis includes robust statistical tests for data validation.,ai
The project team prioritized cross-functional training to enhance skill sets.,ai
The project team maintained an open feedback culture for continuous improvement.,ai
"i prefer working alone, teamwork is too complicated",student
"i prefer working alone, collaboration is too complicated",student
"i dont care about internal validity, it's too technical",student
"i dont care about bias, it's unavoidable",student
The research methodology considered the ethical implications of data collection.,ai
"i dont like inclusive decision-making, it's too slow",student
"Augmented reality is enhancing user experiences in various fields, from education to healthcare.",ai
The data analysis revealed unexpected patterns in the data.,ai
"i dont care about industry trends, they change too quickly",student
The analysis includes robust statistical tests for data validation.,ai
The integration of renewable energy grids is a key step toward sustainable power systems.,ai
"Thx for ur help, it was gr8",student
"i dont care about industry trends, they change too quickly",student
The project team embraced an iterative development process for product enhancement.,ai
The project team demonstrated strong leadership skills.,ai
"i dont care about hydrogen fuel cells, just give me the data",student
"i dont get y we have to control for variables, its too much work",student
"i dont care about internal validity, it's too technical",student
The team successfully implemented the new software.,ai
"The study's limitations are openly discussed, acknowledging potential biases.",ai
The research methodology ensured participant anonymity through coded identifiers.,ai
"i dont care about professional development, it's irrelevant",student
"i dont care about users, just give me the final product",student
The research aligns with current trends in the industry.,ai
The project team prioritized user feedback for product improvement.,ai
The study's limitations are acknowledged with humility.,ai
"i dont care about user-centric design, just give me the final product",student
"i dont care about diversity and inclusion, just get the job done",student
"i didnt read the assignment, can u give me a summary?",student
"i dont see the point of context, just give me the answer",student
This research significantly advances our understanding of the topic.,ai
"i dont see the point of research questions, just do the work",student
The analysis considered potential cultural biases in data interpretation.,ai
"i dont need novel insights, just practical solutions",student
"i dont see the point of research questions, just do the work",student
"i dont care about controls, just give me the results",student
The project team demonstrated attention to detail in every phase.,ai
"i dont see the point of objectives, just give me the answer",student
The data collection process was systematic and thorough.,ai
"i dont care about user feedback, they dont know what they want",student
"i dont like using technology, it's confusing",student
"i dont worry about external validity, it's too technical",student
The data collection process was systematic and thorough.,ai
"i dont worry about bias, it's unavoidable",student
The survey instrument underwent rigorous validation procedures.,ai
"i dont like clear documentation, it's too repetitive",student
"i dont care about participant biases, just give me the results",student
"i dont pay attention to details, they slow me down",student
The project team utilized iterative development for continuous improvement.,ai
The findings provide practical implications for real-world applications.,ai
"i dont like theory, just give me what works",student
"Virtual reality is revolutionizing the gaming industry, providing immersive experiences.",ai
The findings contribute to the ongoing discourse within the academic community.,ai
The data collection process was systematic and thorough.,ai
"i dont see the point of research questions, just do the work",student
The data analysis employed advanced statistical techniques for accurate interpretation.,ai
"i dont care about physics, it's too complicated",student
The project team embraced an agile project management approach for flexibility.,ai
The project team maintained transparency in reporting progress to stakeholders.,ai
"i dont like communicating, it's a waste of time",student
The research findings are generalizable to a broader population.,ai
"i dont understand methodologies, just get it done",student
"i dont see the point of research questions, just do the work",student
"i dont like retrospectives, they're too time-consuming",student
"i avoid conflicts, they stress me out",student
"i dont like flexible timelines, it's too unpredictable",student
"i dont like managing expectations, it's too much responsibility",student
"i dont know how to write an abstract, can u do it for me?",student
"i dont care about organization, just give me the numbers",student
"i dont talk about limitations, it makes me look bad",student
"i dont care about visuals, just give me the numbers",student
"i prefer working alone, teamwork is too complicated",student
"i dont care about psychology, just give me the results",student
"i dont care about bias, data is data",student
The project team demonstrated attention to detail in every phase.,ai
The project team demonstrated adaptability in response to client feedback.,ai
The project team maintained a proactive approach to team conflict resolution.,ai
"i dont care about systematic bias, just give me the conclusion",student
The research question is framed to address current challenges in the field.,ai
"i dont need practical applications, just give me the theory",student
The research design ensures data reliability through consistent measurement protocols.,ai
"i dont care about ongoing discourse, it's too academic",student
The discussion section interprets the findings in context.,ai
"i dont like documenting processes, it's too tedious",student
The project team prioritized user feedback for product improvement.,ai
"i dont need practical issues, just give me the solution",student
"i dont worry about reliability, it's good enough",student
"i dont talk about limitations, it makes me look bad",student
"i dont care about implications, just give me the results",student
why do we even have to write papers?,student
"i dont care about coding standards, my code works",student
"i dont like theory, just give me what works",student
"i dont need practical implications, just tell me what to do",student
The study's design considers ethical considerations in data collection.,ai
The project team maintained a clear and concise project communication strategy.,ai
The study's limitations are transparently acknowledged in the discussion.,ai
"i dont pay attention to details, they slow me down",student
"i dont talk about limitations, it makes me look bad",student
"i dont care about environmental factors, just give me the data",student
"i dont like inclusive decision-making, it's too slow",student
"i dont care about academic dialogue, it's too theoretical",student
"i dont have time for step-by-step guides, just tell me the answer",student
"i dont like clear reporting, it's too repetitive",student
"i dont care about biases, just give me the conclusion",student
"i dont like transparent communication, it's too vulnerable",student
The discussion section explores alternative interpretations.,ai
"In materials science, the discovery of new superconductors holds promise for various applications.",ai
The research design minimizes the risk of internal validity threats.,ai
The research question is situated within a broader context.,ai
"i dont like dealing with risks, it's too stressful",student
"i dont like communicating, it's a waste of time",student
"i avoid conflicts, they stress me out",student
The study's findings contribute to the ongoing discourse in the field.,ai
"i dont worry about reliability, it's good enough",student
I dont understand y we have to do group projects,student
"i dont care about biases, just give me the conclusion",student
"i dont worry about accuracy, it's good enough",student
"i dont like theory, just give me what works",student
The findings have practical implications for real-world applications.,ai
"i dont like reading, it's a waste of time",student
The project team leveraged technology to streamline project processes.,ai
The project team maintained a proactive approach to problem identification.,ai
i dont think exams r a good way to evaluate,student
Programming languages play a crucial role in software development.,ai
The research question is situated within a broader context.,ai
"i dont like communicating goals, it's a waste of time",student
"i dont see the point of professionalism, it's overrated",student
"i dont care about external factors, just give me the main results",student
"i dont understand statistics, just give me the answer",student
The analysis considered the correlation between social media usage and mental health.,ai
The findings contribute to the ongoing discourse within the academic community.,ai
The data analysis revealed unexpected patterns in the data.,ai
The study's methodology utilized a mixed-methods approach for comprehensive insights.,ai
Artificial Intelligence is a fascinating field.,ai
"i dont care about marine biology, just give me the results",student
"i dont need practical implications, just tell me what to do",student
"i dont need real-world problems, just give me the solution",student
The project team embraced a collaborative approach to problem-solving.,ai
The integration of artificial intelligence in healthcare enhances diagnostics and treatment.,ai
The coding standards were followed in the software development.,ai
"i dont manage resources, it's too much effort",student
"i dont see the point of research questions, just do the work",student
The research question examined the effectiveness of personalized learning in education.,ai
"i dont care about mixed-methods approaches, just give me the results",student
"i dont like surprises, just give me the expected results",student
The analysis explores potential alternative interpretations.,ai
The study contributes novel insights to the field.,ai
"i dont see the point of research questions, just do the",
i dont get y we have to worry about confounding variables,student
"i dont care about biomimicry, just give me the data",student
The study explores the interplay between variables in the model.,ai
"i dont care about methodologies, just give me the results",student
The project team demonstrated effective time management.,ai
The analysis considered potential biases introduced during participant recruitment.,ai
The research question is situated within a broader context.,ai
"i dont like changing client requirements, it's too disruptive",student
The study explored the intersection of multiple variables.,ai
"i dont talk about limitations, it makes me look bad",student
The research question is clearly defined and researchable.,ai
"i dont care about software, as long as it gets the job done",student
The project was completed within the allocated budget.,ai
"i dont care about confounding variables, just give me the results",student
The findings contribute valuable insights to emerging trends within the field.,ai
The project team demonstrated flexibility in adapting to changing requirements.,ai
The project team maintained open communication throughout.,ai
"i dont manage resources, it's too much effort",student
"i dont care about demographics, just give me the data",student
The analysis considered potential biases in data interpretation.,ai
"i dont like change, it disrupts my routine",student
The project team demonstrated effective risk management.,ai
The findings contribute to evidence-based decision-making in real-world scenarios.,ai
The study contributes to the existing body of knowledge.,ai
"i dont care about industry trends, they change too quickly",student
"i dont care about industry knowledge, just give me the solution",student
"i dont like communicating progress, it's a waste of time",student
"i dont care about organizational culture, just give me the data",student
"i dont care about electric cars, just give me the results",student
The project team implemented a data-driven marketing strategy for better targeting.,ai
The study's methodology ensures replicability by future researchers.,ai
The project team leveraged virtual reality for immersive training experiences.,ai
The research design minimizes the risk of internal validity threats.,ai
The project team embraced a culture of continuous improvement.,ai
"i avoid conflicts, they stress me out",student
"The study's limitations are openly acknowledged, recognizing the study's scope.",ai
The study's methodology ensures replicability by future researchers.,ai
The study of black holes in astrophysics unveils mysteries about the nature of spacetime.,ai
The project team maintained a high level of motivation throughout.,ai
The study's methodology considered the influence of cultural factors.,ai
"i dont care about academic discourse, it's too theoretical",student
The data analysis employed advanced statistical techniques for accuracy.,ai
"i dont care about hyperloop technology, just give me the data",student
The research question is clearly defined and researchable.,ai
"i avoid conflicts, they stress me out",student
The methodology section provides a step-by-step guide to the study.,ai
"i dont like solving problems, its too hard",student
The data analysis revealed statistically significant correlations.,ai
"i dont need practical implications, just tell me what to do",student
"i dont like dealing with cybersecurity, it's too stressful",student
The project team maintained consistent and effective communication channels.,ai
The study's implications for practice are discussed in detail.,ai
"i prefer working alone, collaboration is too complicated",student
"i dont worry about privacy, it's overrated",student
The research design considered the potential impact of socio-economic factors.,ai
The project team exhibited a high level of professionalism.,ai
"Thx for ur help, it was gr8",student
"i dont care about eco-friendly approaches, just get the work done",student
"i dont understand machine learning, just give me the results",student
"i dont care about personalized learning, just give me the solution",student
The study contributes novel insights to the field.,ai
The research methodology ensures the reliability of the study.,ai
The literature cited section is accurate and complete.,ai
"i dont see the point of professionalism, it's overrated",student
The project team maintained an eco-friendly approach to project operations.,ai
"i dont like solving problems, it's too much effort",student
The project team maintained a proactive approach to conflict resolution.,ai
"i prefer working alone, teamwork is too complicated",student
u know wat im talkin abt right?,student
The project team demonstrated effective communication skills.,ai
The project team effectively utilized project management tools.,ai
The research methodology addresses potential threats to external validity.,ai
The research design investigated the role of genetics in susceptibility to diseases.,ai
"i dont talk about limitations, it makes me look bad",student
The project team demonstrated excellent collaboration.,ai
"i dont pay attention in class, its boring",student
"i dont care about theory, I just want practical stuff",student
"i dont talk about limitations, it makes me look bad",student
The research aligns with emerging trends and innovations in the field.,ai
The project team employed innovative strategies for problem-solving.,ai
The methodology section provides a step-by-step guide to the study.,ai
The research methodology ensures the anonymity of participants through coding.,ai
"In conclusion, the findings support the hypothesis.",ai
"i dont like agile approaches, they're too unpredictable",student
"i dont care about ethics, it's too restrictive",student
"i dont like literature reviews, they're too time-consuming",student
"i dont like theory, just give me practical solutions",student
"i dont talk about limitations, it makes me look bad",student
"i dont care about self-driving technology, just give me the data",student
The project team maintained an inclusive decision-making process.,ai
"i dont care about data-driven strategies, just give me the results",student
The references include reputable sources.,ai
"i dont care about participant responses, just give me the data",student
"i dont like communicating, it's a waste of time",student
The project team maintained a positive team dynamic throughout.,ai
"i dont care about replicability, just get it done",student
lol ur jokes r so lame,student
The research question is designed to address real-world challenges faced by practitioners.,ai
The project team effectively resolved conflicts as they arose.,ai
The study of marine biology reveals the fascinating diversity of life in the oceans.,ai
"i dont care about renewable energy, just give me the data",student
The findings provide practical implications for real-world applications.,ai
The analysis employed advanced statistical techniques for robust results.,ai
The project team demonstrated adaptability in response to client requirements.,ai
The study's methodology ensured data accuracy through thorough validation.,ai
The research question is designed to address current challenges in the field.,ai
The survey questions were crafted to elicit unbiased responses.,ai
"i dont talk about limitations, it makes me look bad",student
The project team demonstrated strong leadership skills.,ai
The findings contribute valuable insights to emerging trends in the field.,ai
"i dont like clear communication, it's too repetitive",student
The project team effectively resolved conflicts as they arose.,ai
"i dont understand variables, just give me the answer",student
The research analysis considered potential sources of measurement error.,ai
The exploration of Mars is a significant milestone in human space exploration.,ai
"i dont understand machine learning, just give me the conclusion",student
The analysis of the data is thorough and well-explained.,ai
"i dont need novel insights, just give me the information",student
The project team maintained an inclusive and democratic decision-making process.,ai
"i dont care about neurobiology, it's too complicated",student
The project team exhibited adaptability in changing circumstances.,ai
"i dont care about organization, just give me the numbers",student
"i dont like consistent communication, it's too repetitive",student
"i dont talk about limitations, it makes me look bad",student
The research question is framed to address practical issues faced by industry professionals.,ai
The project team maintained a transparent and accountable decision-making process.,ai
"i dont worry about reliability, it's good enough",student
His presentation was informative and well-organized.,ai
The findings are consistent with existing theoretical frameworks.,ai
"i dont like continuous improvement, it's unnecessary",student
"i dont care about socio-economic factors, just give me the data",student
The study's limitations are acknowledged with humility.,ai
"i dont care about confounding variables, just give me the results",student
"i dont care about CRISPR technology, just give me the results",student
I can provide a detailed analysis of the topic.,ai
The project team leveraged data visualization tools for clear communication.,ai
The analysis includes robust statistical tests for data validation.,ai
The project team consistently met project milestones.,ai
"i dont like surprises, just give me the expected results",student
"In quantum physics, entanglement remains a fascinating and mysterious phenomenon.",ai
"i dont care about the details, just give me the answer",student
"i dont like solving problems, it's too much effort",student
"i dont care about eco-friendly initiatives, just get the work done",student
"i dont like changing requirements, it disrupts my routine",student
"i dont pay attention to details, they slow me down",student
The results are presented in a logically organized manner.,ai
"i dont like artificial intelligence, it's too unpredictable",student
"i dont care about feedback, it's subjective",student
"i dont like change, it's too much effort",student
"i dont like theory, just give me practical solutions",student
"i collect data randomly, it's faster",student
The abstract provides a concise summary of the research.,ai
The project team maintained an inclusive approach to decision-making processes.,ai
The project team maintained clear documentation of project processes.,ai
"i dont like prior research, just give me the new information",student
"i dont have time for step-by-step guides, just tell me the answer",student
i dont understand y we have to do so much research,student
"i dont like communicating, it's a waste of time",student
"i dont care about sustainable architecture, just get the job done",student
"The development of hyperloop technology promises high-speed, efficient transportation.",ai
The research aligns with current trends in the industry.,ai
"i dont care about confounding variables, just give me the results",student
The survey instrument underwent rigorous validation procedures.,ai
"i dont like continuous improvement, it's unnecessary",student
The discussion section critically examines study limitations.,ai
"i prefer working alone, teamwork is too complicated",student
The research question is well-defined and focused.,ai
The study's methodology ensures replicability by future researchers.,ai
"i prefer working alone, collaboration is too complicated",student
The project team maintained a positive and inclusive team culture.,ai
"i dont understand virtual reality, just get the job done",student
"omg, I cant believe u said that",student
"i dont care about generalizability, just give me the results",student
The research question is clearly defined and researchable.,ai
The theoretical framework provides a conceptual basis for the study.,ai
The project team prioritized user feedback for product improvement.,ai
The research methodology addresses potential threats to external validity.,ai
"i dont like dealing with risks, it's too stressful",student
"i dont worry about anonymity, it's overrated",student
"i dont have time to consider alternatives, just tell me what to do",student
The project team maintained a positive team dynamic throughout.,ai
The study's methodology prioritized participant confidentiality and anonymity.,ai
"i dont talk about limitations, it makes me look bad",student
The research question is situated within a broader context.,ai
"i dont care about nanomaterials, just give me the results",student
The data analysis software used is widely accepted in the field.,ai
"i dont talk about limitations, it makes me look bad",student
The project team embraced a collaborative and inclusive approach.,ai
"i dont need real-world challenges, just give me the solution",student
The information is accurate and well-researched.,ai
"i dont need real-world problems, just give me the answer",student
"i dont care about scholarly discourse, it's too academic",student
"i dont have time to worry about samples, just give me the result",student
"i dont understand algorithms, just give me the conclusion",student
"I dont bother with references, I just make stuff up",student
The project team demonstrated strong leadership skills.,ai
"i dont care about neuroscience, just give me the results",student
"i dont care about industry trends, they change too quickly",student
The project team effectively resolved conflicts as they arose.,ai
The findings contribute novel insights that challenge traditional perspectives.,ai
The project team demonstrated flexibility in adapting to technological advancements.,ai
"The study's limitations are candidly discussed, acknowledging inherent challenges.",ai
The research question is designed to address real-world problems faced by practitioners.,ai
"In nanotechnology, the development of smart materials revolutionizes various applications.",ai
"i dont care about demographics, just give me the data",student
The research question is well-aligned with the study's objectives.,ai
"i dont care about emerging trends, they're too unpredictable",student
"In the realm of paleontology, the discovery of new dinosaur species captivates researchers.",ai
"i dont care about internal validity, it's too technical",student
"i dont care about astrobiology, just give me the data",student
"i dont need novel insights, just practical solutions",student
"i dont like consistent communication, it's too repetitive",student
The project team embraced a culture of continuous improvement.,ai
"i dont see the point of objectives, just give me the answer",student
"i dont care about outliers, just give me the main results",student
Collaboration among team members was excellent.,ai
"can u plz send me the notes, I missed the class",student
"i dont like change, it disrupts my routine",student
"i dont talk about limitations, it makes me look bad",student
The project team effectively resolved conflicts as they arose.,ai
Artificial Intelligence is a fascinating field.,ai
"i dont worry about bias, it's unavoidable",student
"i dont care about correlations, just give me the main findings",student
"i dont understand variables, just give me the answer",student
"i dont care about ethics, it's too restrictive",student
The research methodology ensured participant anonymity through coded identifiers.,ai
"i dont see y we need more knowledge, we have enough",student
"i dont worry about accuracy, it's good enough",student
"i dont understand nanotechnology, just get the job done",student
The survey questions were crafted to elicit unbiased responses.,ai
"i dont like longitudinal approaches, they take too much time",student
The research question guides the entire research process.,ai
The research design incorporated diverse perspectives for a comprehensive study.,ai
The limitations of renewable energy sources pose challenges for global sustainability.,ai
The findings are consistent with existing theoretical frameworks.,ai
"i dont care about feedback, it's subjective",student
"i dont worry about reliability, it's good enough",student
The study of dark energy in cosmology contributes to our understanding of the universe's expansion.,ai
"i dont like timelines, they stress me out",student
The analysis considered potential biases introduced during participant recruitment.,ai
The project was completed ahead of schedule.,ai
"In chemistry, the study of nanomaterials opens avenues for advanced applications.",ai
"i dont care about feedback, it's subjective",student
The research methodology considered potential confounding variables.,ai
"The study's limitations are openly discussed, acknowledging potential limitations.",ai
"The study's limitations are openly discussed, recognizing potential biases.",ai
The research methodology ensures the reliability of the study.,ai
"i dont validate surveys, it takes too much time",student
The project team maintained a transparent approach to sharing project updates.,ai
"i dont care about economic factors, just give me the data",student
The study's methodology considered potential sources of systematic bias.,ai
The analysis considered the impact of outliers on data interpretation.,ai
"i dont like collaborative problem-solving, it's too slow",student
The analysis revealed statistically significant correlations.,ai
The study contributes novel insights to the field.,ai
The project team effectively communicated project timelines and milestones.,ai
"i dont like artificial intelligence, it's too unpredictable",student
"i collect data randomly, it's faster",student
The project team demonstrated adaptability in changing circumstances.,ai
The study explores the interplay between variables in the model.,ai
The research design ensures data reliability through consistent measurement protocols.,ai
The exploration of exoplanets in astronomy opens possibilities for finding habitable environments.,ai
The discussion section critically examines study limitations.,ai
"i dont care about user feedback, they dont know what they want",student
The project team prioritized employee engagement for a positive work environment.,ai
"I'm too busy with other stuff, I dont have time for this",student
The findings are consistent with existing theoretical frameworks.,ai
The project team maintained clear and concise documentation of project processes.,ai
The analysis considered the ethical implications of the research.,ai
"i dont need novel insights, just give me the information",student
"i dont talk about limitations, it makes me look bad",student
i give up easily when things get tough,student
"The study's limitations are openly discussed, acknowledging potential confounders.",ai
The project team utilized best practices in project management for efficiency.,ai
Ensure that your writing is clear and concise.,ai
The project team efficiently managed project resources.,ai
"i dont like continuous improvement, it's unnecessary",student
"i dont validate data, it's a waste of time",student
"i dont document processes, it's too tedious",student
The project team displayed creativity in problem-solving.,ai
The study's methodology minimizes the potential for sampling bias.,ai
"i dont care about ethics, it's too restrictive",student
"i dont worry about bias, it's unavoidable",student
The research methodology included a comprehensive literature review.,ai
The project team demonstrated a commitment to meeting project deadlines.,ai
"i dont understand data types, just give me the results",student
i dont get y this is so important,student
"i dont like theory, just give me practical solutions",student
"i dont talk about limitations, it makes me look bad",student
The analysis employed statistical techniques for controlling potential confounding variables.,ai
The electric car market is witnessing a surge in popularity with advanced battery technology.,ai
"i dont care about 5G technology, just get the job done",student
"i collect data randomly, it's faster",student
The research design considered the influence of organizational culture on outcomes.,ai
The project team maintained a proactive approach to risk identification and mitigation.,ai
"i dont worry about anonymity, it's overrated",student
The project team effectively communicated project milestones.,ai
The project team exhibited a high level of professionalism.,ai
"i dont worry about validation procedures, just give me the data",student
"I didnt do the homework, it's too much work",student
"i dont care about implications, just tell me what to do",student
The aerospace industry is exploring biofuels as a sustainable alternative for aviation.,ai
The study's implications for practice are discussed in detail.,ai
"i dont care about exoplanets, just give me the data",student
"i dont use project management tools, they're too complicated",student
"i dont like engaging with stakeholders, it's time-consuming",student
The analysis considered the influence of economic factors on study outcomes.,ai
"i dont talk about limitations, it makes me look bad",student
The analysis explores potential alternative interpretations.,ai
The findings provide practical implications for real-world applications.,ai
The literature review synthesizes diverse perspectives on the subject.,ai
"i dont like transparent updates, it's too vulnerable",student
The project team documented all processes for transparency.,ai
"i dont care about triangulation, just give me the data",student
The discussion section critically examines study limitations.,ai
The analysis employed advanced statistical methods for accurate data interpretation.,ai
The research aligns with current trends in the industry.,ai
The research design ensures data validity through rigorous validation procedures.,ai
The research question is designed to fill gaps in existing empirical knowledge.,ai
The use of CRISPR technology in agriculture aims for improved crop yields and resistance.,ai
The project team demonstrated proactive problem-solving skills.,ai
The study's methodology incorporates both qualitative and quantitative approaches.,ai
The study explores the interplay between variables in the model.,ai
"i dont care about measurement errors, just give me the conclusion",student
The project team maintained a proactive approach to risk management.,ai
"i dont care about participant feedback, it's subjective",student
"i dont like data visualization, it's unnecessary",student
The project team effectively utilized project management tools.,ai
Here's some text without proper punctuation and grammar mistakes,student
"i dont care about organization, just give me the numbers",student
The study contributes valuable insights to the field.,ai
The project team demonstrated attention to detail in every phase.,ai
The project team embraced a flexible approach to project timelines.,ai
"i dont like communicating, it's a waste of time",student
The research methodology ensures the reliability of findings through validation.,ai
i dont get y we have to write essays,student
"The study's limitations are transparently presented, addressing potential biases.",ai
The methodology section provides a step-by-step guide to the study.,ai
"i dont like dealing with risks, it's too stressful",student
"i dont worry about credibility, it's good enough",student
The project team maintained a proactive approach to cybersecurity in IT operations.,ai
"i dont care about industry trends, they change too quickly",student
The research question is framed to address gaps in existing knowledge.,ai
The study's methodology accounted for potential variations in participant responses.,ai
The project team documented all processes for transparency.,ai
The project team exhibited a high level of professionalism.,ai
The adoption of blockchain technology is reshaping financial systems and transactions.,ai
"i dont care about mindfulness practices, they're too time-consuming",student
The integration of 5G technology is revolutionizing communication and connectivity.,ai
The project team prioritized user feedback for product improvement.,ai
The research methodology accounted for potential variations in participant responses.,ai
"The study's limitations are transparently acknowledged, addressing study boundaries.",ai
The project team effectively communicated project milestones.,ai
The study's methodology ensured data validity through triangulation.,ai
The project team maintained a proactive approach to stakeholder engagement.,ai
"i dont care about genetic engineering, just give me the results",student
"i dont care about data preprocessing, just give me the results",student
"The study's limitations are openly discussed, addressing potential methodological flaws.",ai
"I dont need to cite, I wrote it myself",student
The research design incorporated feedback loops for iterative improvements.,ai
"i dont like deadlines, they stress me out",student
i rlly hate it when ppl use txt abbreviations,student
"i dont need practical implications, just tell me what to do",student
The research question is framed to address practical issues faced by industry professionals.,ai
"i dont like working in teams, its too much hassle",student
The project team prioritized the well-being and satisfaction of team members.,ai
The research question is clear and relevant to the field.,ai
The project team demonstrated adaptability to changes in project requirements.,ai
The findings contribute to the ongoing scholarly discourse in the field.,ai
"i dont care about data collection techniques, just give me the results",student
The presentation slides were clear and visually appealing.,ai
The project team demonstrated adaptability in changing circumstances.,ai
"i dont like deadlines, they stress me out",student
"i dont care about cross-functional training, it's irrelevant",student
The project team embraced a culture of continuous feedback and improvement.,ai
The advancements in nanomedicine contribute to more targeted and effective medical treatments.,ai
The project team embraced a design thinking approach for creative problem-solving.,ai
"i dont like theory, just give me what works",student
"i dont like change, it disrupts my routine",student
"i prefer working alone, teamwork is too complicated",student
The project team embraced a collaborative and inclusive approach.,ai
The research question is designed to address gaps in practical industry knowledge.,ai
The project team maintained a transparent and accountable decision-making process.,ai
The findings contribute to practical applications and problem-solving.,ai
"i dont care about emerging trends, they're too unpredictable",student
"i dont care about emerging discussions, they're too theoretical",student
The research question is clearly defined and researchable.,ai
"i dont care about biotechnology, just get the job done",student
The study's methodology incorporated a diverse range of data collection techniques.,ai
The study's methodology accounted for potential variations in participant response.,ai
"i dont like solving problems, it's too much effort",student
"i dont care about emerging discussions, they're too theoretical",student
The project team demonstrated effective risk management.,ai
Ensure that your writing is clear and concise.,ai
The findings contribute to evidence-based healthcare practices in clinical settings.,ai
This is a well-structured sentence.,ai
The methodology section provides a step-by-step guide to the study.,ai
"i dont care about user feedback, they dont know what they want",student
"i dont document processes, it's too tedious",student
The research design minimizes the risk of internal validity threats.,ai
"i dont need practical implications, just give me the theory",student
"i dont like transparent decision-making, it's too vulnerable",student
The analysis explores potential alternative interpretations.,ai
"i dont like milestones, they stress me out",student
"In physics, the exploration of dark matter and dark energy challenges our understanding.",ai
"i dont see the point of professionalism, it's overrated",student
The methodology section details the steps taken in the research.,ai
"i dont like change, it disrupts my routine",student
"i dont understand virtual reality, just get the job done",student
"i dont care about ethics, it's too restrictive",student
The project team maintained open communication throughout.,ai
"i dont care about understanding, just tell me what to do",student
"i dont worry about encryption, it's overrated",student
The discussion section critically examines study limitations.,ai
"i dont need novel insights, just practical solutions",student
"i dont need evidence-based decisions, just give me the information",student
The field of biotechnology holds promise for breakthroughs in medicine and agriculture.,ai
"i dont care about renewable energy grids, just get the job done",student
The research design incorporated both qualitative and quantitative data.,ai
The project team demonstrated strong problem-solving skills.,ai
i give up easily when things get tough,student
The study contributes novel insights to the field.,ai
The research question is aligned with the study's objectives.,ai
"i dont like agile approaches, they're too unpredictable",student
Here's some text without proper punctuation and grammar mistakes,student
"i dont like knowledge-sharing sessions, they're too time-consuming",student
"i dont like iterative development, it's too slow",student
The research question is clearly defined and researchable.,ai
The study's methodology utilized cutting-edge technology for data collection.,ai
The project team effectively communicated project milestones.,ai
The results support the hypothesis outlined in the introduction.,ai
The project team displayed creativity in problem-solving.,ai
"i dont have time to consider alternatives, just tell me what to do",student
"i dont talk about limitations, it makes me look bad",student
The research design minimizes the risk of internal validity threats.,ai
"i dont have time for step-by-step guides, just tell me the answer",student
"i dont like transparent decision-making, it's too vulnerable",student
"i dont need novel insights, just practical solutions",student
"i dont use project management tools, they're too complicated",student
Effective communication is essential in the workplace.,ai
"i dont understand statistics, just give me the answer",student
The study's methodology ensures participant confidentiality through encryption.,ai
"i dont care about aerodynamics, just give me the data",student
"i dont need evidence-based decisions, just give me the information",student
The project team demonstrated a commitment to meeting project deadlines.,ai
The analysis considered potential cultural biases in the interpretation of results.,ai
"I'll just copy from the internet, nobody will notice",student
"i prefer to follow, leadership is too much responsibility",student
The project team prioritized clear and concise project documentation.,ai
The analysis employed statistical techniques to control for potential confounding variables.,ai
"i dont care about industry knowledge, just give me the solution",student
"i dont like open-door policies, it's too intrusive",student
"i dont care about theoretical frameworks, just give me the solution",student
"i dont need practical issues, just give me the solution",student
The study's methodology considered the potential impact of confounding variables.,ai
"i dont like data visualization, it's unnecessary",student
The research aligns with current trends in the industry.,ai
The study explored the impact of mindfulness practices on workplace productivity.,ai
The findings have practical implications for real-world applications.,ai
"i dont have time for step-by-step guides, just tell me the answer",student
"i dont understand statistics, just give me the answer",student
"i dont like solving problems, it's too much effort",student
"The study's limitations are transparently acknowledged, recognizing study boundaries.",ai
The project team exhibited adaptability in changing circumstances.,ai
"i dont care about replicability, just get it done",student
"i dont talk about limitations, it makes me look bad",student
The project team leveraged technology to streamline project processes.,ai
The project team embraced a proactive approach to quality assurance.,ai
"i dont care about astrophysics, just give me the results",student
The project team exhibited strong teamwork and collaboration.,ai
The project team maintained a positive and supportive team culture.,ai
The research methodology considered the impact of environmental factors.,ai
"i dont need current challenges, just give me the solution",student
The study's design considers ethical considerations in data collection.,ai
The project team effectively communicated project progress to stakeholders.,ai
The project team demonstrated adaptability in response to unexpected challenges.,ai
The research question is designed to address gaps in current industry practices.,ai
"i dont talk about limitations, it makes me look bad",student
The research question is designed to address real-world problems faced by practitioners.,ai
"i dont see the point of relevance, as long as it's done",student
"i dont care about cutting-edge technology, just give me the results",student
"i dont understand variables, just give me the answer",student
The study's design considers ethical considerations in data collection.,ai
"i dont need novel insights, just practical solutions",student
"i dont have time to think about future research, im too busy",student
"i dont like transparency, it's too vulnerable",student
The research design ensured data privacy and confidentiality.,ai
The project team embraced a human-centered design approach for product development.,ai
The analysis revealed statistically significant correlations.,ai
The findings have practical implications for real-world applications.,ai
The project team utilized best practices in project management for efficiency.,ai
"i dont see the point of having objectives, its unnecessary",student
The discussion section explores implications for future research.,ai
"i dont need real-world applications, just give me the theory",student
"I'll just throw some slides together, it doesnt matter",student
The project team prioritized continuous improvement through regular retrospectives.,ai
"i dont keep track of my spending, its too much effort",student
why do we even need to learn this stuff?,student
The project team documented all processes for transparency.,ai
The project team leveraged technology to streamline project processes.,ai
i dont have time to think about good survey questions,student
The findings have practical implications for real-world applications.,ai
The analysis considered potential biases introduced during data preprocessing.,ai
"i dont care about bias, it's unavoidable",student
The research question is framed to address real-world problems.,ai
"i dont see the point of research questions, just do the work",student
The study's limitations are acknowledged with transparency.,ai
"i dont care about team well-being, just get the work done",student
"i dont need current challenges, just give me the solution",student
"i dont care about confounding variables, just give me the results",student
"i dont like theory, just give me what works",student
The data collection process was systematic and thorough.,ai
The research design incorporated a longitudinal approach for robust results.,ai
The project team effectively communicated project goals and expectations.,ai
"i dont care about best practices, they're too conventional",student
"i dont like inclusive decision-making, it's too slow",student
"i dont like timelines, they stress me out",student
The application of artificial intelligence in agriculture enhances precision farming techniques.,ai
"Im not gonna bother proofreading, its a waste of time",student
The project team maintained a positive and collaborative team culture.,ai
"i dont get statistics, its too complicated",student
"i dont see the point of research questions, just do the work",student
The data collection process was systematic and thorough.,ai
The project team prioritized user-centered design principles in product development.,ai
The automotive industry is exploring hydrogen fuel cells as a cleaner energy alternative.,ai
The analysis employed machine learning algorithms for predictive modeling accuracy.,ai
"i dont care about feedback loops, they're too repetitive",student
"i dont have time to consider alternatives, just tell me what to do",student
The theoretical framework provides a conceptual basis for the study.,ai
"i dont like consistent communication, it's too repetitive",student
The project team demonstrated attention to detail in every phase.,ai
"i dont care about participant responses, just give me the data",student
"i dont talk about limitations, it makes me look bad",student
"i dont care about feedback, it's subjective",student
"i dont understand statistics, just give me the answer",student
"i dont talk about limitations, it makes me look bad",student
The data analysis employed machine learning algorithms for predictive modeling.,ai
"i dont care about cosmology, just give me the results",student
The project team leveraged data visualization tools for effective communication.,ai
"The study's limitations are openly discussed, recognizing potential biases.",ai
"i dont like remote work, it's too isolating",student
The project team maintained open channels for communication with stakeholders.,ai
The results are presented in a logically organized manner.,ai
The project team embraced a proactive approach to problem-solving.,ai
The project team effectively managed project resources and budget.,ai
Programming skills are in high demand in the job market.,ai
The study's limitations are acknowledged in the discussion.,ai
The project team displayed creativity in problem-solving.,ai
"i collect data randomly, it's faster",student
"i dont like artificial intelligence, it's too unpredictable",student
"i dont care about genetics, just give me the results",student
I appreciate your assistance in this matter.,ai
"i dont like retrospectives, they're too time-consuming",student
The research findings are generalizable to a broader population.,ai
"i dont understand statistics, just give me the conclusion",student
The research design incorporated a longitudinal approach for robust findings.,ai
The project team embraced a collaborative and inclusive approach.,ai
"i dont talk about limitations, it makes me look bad",student
The project team effectively communicated project milestones.,ai
The project team utilized feedback to enhance the project deliverables.,ai
The data analysis utilized machine learning algorithms for accuracy.,ai
"i prefer working alone, teamwork is too complicated",student
"i dont like communicating, it's a waste of time",student
The findings contribute valuable insights to niche areas within the field.,ai
The report covers all the key aspects of the research.,ai
"i dont care about paleontology, just give me the results",student
The survey questions were crafted to elicit unbiased responses.,ai
"i dont talk about limitations, it makes me look bad",student
The project team displayed creativity in problem-solving.,ai
The study contributes novel insights to the field.,ai
"i dont like change, it disrupts my routine",student
The project team maintained open communication throughout.,ai
The study of exoplanets in astrobiology contributes to the search for extraterrestrial life.,ai
The development of quantum computers poses challenges and opportunities in computing.,ai
"i dont need practical implications, just tell me what to do",student
The survey was designed to capture a representative sample.,ai
The analysis considered the impact of psychological factors on participant responses.,ai
The research methodology addresses potential threats to external validity.,ai
The project team embraced feedback as an opportunity for improvement.,ai
The project team embraced a user-centric approach in product development.,ai
"i dont like communicating, it's a waste of time",student
"i dont see the point of context, just give me the answer",student
"i dont like documenting processes, it's too tedious",student
The study's methodology ensures the credibility and trustworthiness of results.,ai
The evolution of artificial intelligence is reshaping various industries and workflows.,ai
"My dog ate my homework, can I get an extension?",student
The study's design incorporated a diverse range of research methodologies.,ai
The project team maintained an agile mindset for adaptability to changing requirements.,ai
"I didnt do the reading, can u fill me in?",student
The exploration of quantum entanglement is essential for developing quantum communication.,ai
The coding practices followed industry standards for maintainability.,ai
The research design incorporated a longitudinal approach for robust findings.,ai
"i dont understand augmented reality, just get the job done",student
"i dont care about implications, just tell me what to do",student
"i dont care about emerging trends, they're too unpredictable",student
The project team utilized advanced modeling techniques for accurate predictions.,ai
The project team maintained a positive and supportive team culture.,ai
"i dont worry about anonymity, it's overrated",student
The project team prioritized the well-being of team members through support initiatives.,ai
"i dont validate surveys, it takes too much time",student
The project team maintained a high level of accuracy in data entry.,ai
i dont think grammar matters in casual writing,student
The project team prioritized continuous improvement through regular retrospectives.,ai
"i dont like technological advancements, they complicate things",student
"i dont care about quantum computers, just give me the results",student
The research question is well-aligned with the study's objectives.,ai
The survey instrument underwent rigorous validation procedures.,ai
"i prefer working alone, teamwork is too complicated",student
"i dont care about user-centered design, just give me the final product",student
The study of neuroplasticity in neuroscience reveals the brain's adaptability to change.,ai
The study's limitations are acknowledged with humility.,ai
The project team effectively managed project timelines and milestones.,ai
"i dont care about academic discourse, it's too theoretical",student
"i dont like changing requirements, it disrupts my routine",student
"i dont like quality assurance, it's too time-consuming",student
The project team maintained regular knowledge-sharing sessions for skill development.,ai
"i dont care about best practices, they're too conventional",student
"i dont like communicating, it's a waste of time",student
"i dont care about quantum physics, it's too complicated",student
"i dont care about cultural factors, just give me the data",student
"i dont care about bias, it's unavoidable",student
The project team embraced a collaborative approach to problem-solving.,ai
"i dont like changing client expectations, it's too disruptive",student
"i dont like dealing with risks, it's too stressful",student
The project team efficiently managed project resources.,ai
"i dont like change, it disrupts my routine",student
"i dont like design thinking, it's too slow",student
"i dont validate data, it's a waste of time",student
"i dont care about ethics, it's too restrictive",student
The research design ensured data privacy and confidentiality.,ai
"i dont manage resources, it's too much effort",student
"i dont understand methodologies, just get it done",student
The project team effectively utilized collaboration tools for remote work.,ai
The research question guides the entire research process.,ai
"i dont understand statistics, just give me the answer",student
The findings contribute to emerging discussions in the field.,ai
The project team utilized data encryption techniques to ensure participant privacy.,ai
The research question is designed to address gaps in current industry knowledge.,ai
"i dont understand advanced statistics, just give me the conclusion",student
"i dont like retrospectives, they're too time-consuming",student
The findings contribute valuable insights to emerging trends within the field.,ai
"i dont like theory, just give me practical solutions",student
"i dont care about materials science, just give me the data",student
The project team maintained a high level of accuracy in data entry.,ai
idk y the professor is so strict,student
The project team prioritized continuous improvement through regular retrospectives.,ai
"i dont worry about anonymity, it's overrated",student
The advancements in 3D printing technology enable innovative solutions in manufacturing.,ai
The project team effectively communicated project timelines and milestones.,ai
The research findings are positioned within the context of prior research.,ai
Genetic engineering holds promise for revolutionary breakthroughs in healthcare.,ai
The findings contribute to the ongoing dialogue in the academic community.,ai
"i dont pay attention to details, they slow me down",student
"i write code that works, who cares about maintainability",student
"i dont like artificial intelligence, it's too unpredictable",student
"i dont care about participant biases, just give me the conclusion",student
"The study's limitations are openly discussed, acknowledging potential shortcomings.",ai
The discussion section critically examines study limitations.,ai
The analysis considered potential sources of bias in data collection.,ai
"i dont care about emerging trends, they're too unpredictable",student
"i dont like longitudinal approaches, they take too much time",student
"i dont like retrospectives, they're too time-consuming",student
The analysis considered potential biases introduced by participant self-reporting.,ai
"i didnt study for the test, its fine, ill guess",student
The results of the experiment are consistent with previous studies.,ai
"im so tired of this class, it's so boring",student
The study's limitations are acknowledged with transparency.,ai
"i dont like blockchain technology, it's too unpredictable",student
"i dont like collaborative problem-solving, it's too slow",student
The project team effectively managed project risks.,ai
The project team prioritized continuous learning and skill development.,ai
"i dont worry about external validity, it's too technical",student
"i dont care about space exploration, it's too theoretical",student
"i dont care about generalizability, just give me the results",student
"i dont understand machine learning, just give me the results",student
The project team effectively utilized project management tools.,ai
The study's methodology incorporates both qualitative and quantitative approaches.,ai
The project team effectively utilized project management tools.,ai
"In the world of robotics, advancements in artificial intelligence enable more complex tasks.",ai
The data collection process was systematic and thorough.,ai
"i dont care about employee engagement, just get the work done",student
"i dont like communicating, it's a waste of time",student
"i dont care about behavioral economics, just give me the results",student
The research design is appropriate for the study.,ai
The project team utilized feedback to enhance the project deliverables.,ai
"i dont like client feedback, it's subjective",student
"i dont need evidence-based practices, just give me the information",student
"i dont see the point of research questions, just do the work",student
The analysis considered potential biases in data interpretation.,ai
The project team demonstrated resilience in overcoming challenges.,ai
The analysis considered the impact of external factors on study outcomes.,ai
"i dont care about industry trends, they change too quickly",student
"i dont validate surveys, it takes too much time",student
The research question guides the entire research process.,ai
The findings contribute to the theoretical foundation of the respective discipline.,ai
The research aligns with current trends in the industry.,ai
Please submit your assignment by the deadline.,ai
The theoretical framework provides a conceptual basis for the study.,ai
"i dont talk about limitations, it makes me look bad",student
The field of neurobiology explores the intricacies of the human brain and nervous system.,ai
"i dont talk about limitations, it makes me look bad",student
The study's limitations are acknowledged with humility and openness.,ai
"i dont care about implications, just tell me what to do",student
"i dont care about biases, just give me the main findings",student
The methodology section explains the research design in detail.,ai
I can provide a detailed analysis of the topic.,ai
"i avoid conflicts, they stress me out",student
The project team leveraged cloud-based tools for efficient project collaboration.,ai
The project team demonstrated adaptability in response to client expectations.,ai
The survey questions were crafted to elicit unbiased responses.,ai
The study's limitations are acknowledged with transparency.,ai
The future of sustainable architecture lies in eco-friendly construction materials.,ai
The study's implications extend beyond the immediate research context.,ai
"i dont see the point of professionalism, it's overrated",student
"i dont care about niche areas, just give me the general information",student
"i dont talk about limitations, it makes me look bad",student
"i prefer working alone, collaboration is too complicated",student
The project team demonstrated attention to detail in every phase.,ai
"i dont need practical implications, just tell me what to do",student
The research methodology considered the impact of environmental factors.,ai
"i dont worry about external validity, it's too technical",student
"i dont worry about privacy, it's overrated",student
The project team embraced a collaborative and inclusive approach.,ai
"i dont care about team well-being, just get the work done",student
"i dont document processes, it's too tedious",student
The project team prioritized employee well-being through wellness programs.,ai
"i dont care about deforestation, just get the job done",student
The study's methodology ensures replicability by future researchers.,ai
"why do we have to follow industry standards, its stupid",student
"i dont validate data, it's a waste of time",student
"i dont care about evidence-based practices, just give me the information",student
The peer review process ensures the quality of the research.,ai
"i dont talk about limitations, it makes me look bad",student
The analysis considered potential biases in self-reported data.,ai
"i dont care about nanomedicine, just get the job done",student
"i dont like communicating, it's a waste of time",student
"i dont care about participant biases, just give me the results",student
"i dont worry about statistical checks, just give me the data",student
"i dont care about cultural biases, just give me the conclusion",student
"i dont need practical implications, just tell me what to do",student
"I dont understand statistics, can u just do the analysis for me?",student
"i dont like solving problems, it's too much effort",student
The project team effectively managed stakeholder expectations.,ai
The findings contribute novel insights that challenge existing paradigms.,ai
The results were statistically significant at the 0.05 level.,ai
The project team maintained consistent and transparent communication with clients.,ai
The project team demonstrated effective risk management.,ai
"i dont like trying new things, it's too risky",student
"i dont care about quantum encryption, just get the job done",student
"u kno wut im saying, y do i need proper grammar?",student
The study's methodology minimizes the potential for sampling bias.,ai
"i dont talk about limitations, it makes me look bad",student
"i dont care about cultural biases, just give me the conclusion",student
The analysis includes robust statistical tests for data validation.,ai
"i dont care about electric scooters, just give me the data",student
The findings are consistent with existing theoretical frameworks.,ai
"i dont like solving problems, it's too much effort",student
"i dont talk about limitations, it makes me look bad",student
The analysis employed sophisticated algorithms for data pattern recognition.,ai
"i dont use project management tools, they're too complicated",student
"i dont like timelines, they stress me out",student
The software development process followed industry best practices.,ai
The project team maintained open lines of communication.,ai
"i dont like change, it's too much effort",student
"i dont worry about encryption, it's overrated",student
"i dont like identifying problems, it's too much effort",student
The discussion section critically examines study limitations.,ai
Please submit your assignment by the deadline.,ai
"i dont care about environmental factors, just give me the data",student
The findings contribute to emerging discussions in the field.,ai
The project team implemented eco-friendly initiatives for sustainable business.,ai
"i dont like talking about limitations, it makes me look bad",student
The study's implications for practice are discussed in detail.,ai
The exploration of renewable energy sources is crucial for addressing climate change.,ai
"i dont like communicating, it's a waste of time",student
"i dont care about astronomy, just give me the results",student
"i dont like iterative development, it's too slow",student
The project team maintained open lines of communication.,ai
The information is accurate and well-researched.,ai
"i dont see the point of context, just give me the answer",student
"i dont see the point of context, just give me the answer",student
"i dont like using technology, it's confusing",student
The research question is well-aligned with the study's objectives.,ai
"i dont understand modeling techniques, just give me the conclusion",student
The theoretical framework provides a solid foundation for the study.,ai
"i dont care about replicability, just get it done",student
The research aligns with current trends in the industry.,ai
The project team prioritized diversity and inclusion in hiring processes.,ai
"In astronomy, the study of exoplanets provides insights into potential habitable zones.",ai
The project team prioritized continuous learning through professional development.,ai
The project team fostered a culture of collaboration and knowledge-sharing.,ai
The project team maintained a collaborative and open-door communication policy.,ai
"i dont care about replicability, just get it done",student
"i dont like communicating, it's a waste of time",student
The conclusion drawn from the data is valid.,ai
"i dont like theory, just give me what works",student
i rlly hate it when ppl use txt abbreviations,student
The rise of electric scooters is transforming urban transportation and reducing emissions.,ai
"i dont worry about confidentiality, it's overrated",student
The project team prioritized clear and concise reporting in project documentation.,ai
The experimental design controlled for confounding variables.,ai
"i dont use project management tools, they're too complicated",student
"i dont document processes, it's too tedious",student
The experiment results are statistically significant.,ai
"i avoid conflicts, they stress me out",student
"i dont care about diverse perspectives, just give me the data",student
"i dont care about empirical knowledge, just give me the information",student
"i dont care about best practices, they're too conventional",student
"i dont like longitudinal approaches, they take too much time",student
"i dont have time to review other people's work, its pointless",student
"i dont have time to explain every little step, its tedious",student
The conclusion summarizes the key findings of the study.,ai
The project team embraced a culture of innovation for continuous improvement.,ai
"i dont like motivation, it's temporary",student
The project team leveraged data visualization tools for effective communication.,ai
"i dont like using technology, it's confusing",student
"i dont like theory, just give me what works",student
The research design incorporated participant feedback for iterative improvements.,ai
"i dont see the point of objectives, just give me the answer",student
The project team maintained an open feedback culture for continuous improvement.,ai
The research question is clearly defined and researchable.,ai
"i dont manage resources, it's too much effort",student
"i dont understand statistics, just give me the conclusion",student
The project team demonstrated resilience in the face of unexpected challenges.,ai
The potential of CRISPR technology in gene editing raises ethical considerations.,ai
The professor provided constructive feedback on the paper.,ai
"i dont understand statistics, just give me the answer",student
i give up easily when things get tough,student
"i dont care about existing knowledge, just give me the new information",student
"i dont like timelines, they stress me out",student
The development of quantum encryption ensures secure communication in the digital age.,ai
"i dont care about social media, just give me the data",student
"i dont care about multi-method approaches, just give me the results",student
"i dont understand variables, just give me the answer",student
"i dont worry about encryption, it's overrated",student
